Gender,Geography,Tenure,Contract,MonthlyCharges,TotalCharges,PaymentMethod,IsActiveMember,Churn
Male,France,14,Two-year,21.58,7933.34,Bank transfer,Yes,No
Female,Spain,14,Month-to-month,27.71,5869.34,Credit card,No,Yes
Male,Germany,57,Two-year,111.12,6321.2,Bank transfer,Yes,No
Male,Spain,34,Month-to-month,55.49,7956.44,Bank transfer,No,Yes
Male,Spain,53,Two-year,62.48,4922.75,Direct debit,Yes,No
Female,Italy,57,Month-to-month,41.53,2601.51,Credit card,No,Yes
Male,UK,20,Two-year,79.71,6732.74,Credit card,No,Yes
Male,Germany,11,One-year,79.48,4992.99,Bank transfer,Yes,Yes
Male,Spain,16,Two-year,57.22,4733.32,Direct debit,Yes,Yes
Female,Germany,51,Two-year,53.3,2178.36,Credit card,Yes,Yes
Male,France,31,Month-to-month,108.5,6099.41,Bank transfer,Yes,Yes
Male,Italy,55,Month-to-month,58.33,837.0,Credit card,Yes,No
Male,France,6,Two-year,69.35,7409.44,Direct debit,Yes,Yes
Male,Germany,56,One-year,48.33,2741.42,Direct debit,No,No
Female,Germany,19,One-year,98.68,1196.64,Direct debit,Yes,No
Male,UK,37,Month-to-month,59.74,3650.46,Credit card,No,Yes
Female,Spain,58,One-year,71.36,531.27,Electronic check,No,Yes
Female,Spain,4,Two-year,45.34,5540.08,Credit card,Yes,No
Female,France,47,Month-to-month,118.77,7241.1,Electronic check,No,Yes
Male,Italy,4,Two-year,49.15,6730.65,Direct debit,No,Yes
Female,Spain,20,Month-to-month,97.07,1193.48,Bank transfer,Yes,Yes
Male,UK,10,Month-to-month,62.75,1184.91,Electronic check,Yes,Yes
Female,France,24,Month-to-month,40.62,6544.79,Direct debit,Yes,Yes
Female,France,54,Month-to-month,99.97,7409.18,Direct debit,No,Yes
Female,UK,35,One-year,53.36,3793.22,Electronic check,Yes,Yes
Female,Italy,26,Two-year,106.52,4091.97,Bank transfer,Yes,No
Female,UK,37,Two-year,111.53,2682.44,Direct debit,Yes,Yes
Female,Italy,38,Two-year,105.98,7175.27,Electronic check,Yes,No
Female,UK,21,Month-to-month,23.5,5230.24,Bank transfer,No,No
Female,UK,54,One-year,98.74,2448.36,Bank transfer,Yes,No
Male,Germany,40,Two-year,61.13,2530.51,Direct debit,No,No
Male,France,39,One-year,107.37,7151.36,Credit card,Yes,Yes
Female,UK,21,Month-to-month,83.8,306.35,Credit card,No,No
Female,UK,10,Two-year,103.36,2717.27,Direct debit,No,No
Female,Spain,38,One-year,69.94,4523.98,Bank transfer,No,No
Male,France,46,Month-to-month,73.5,1356.1,Direct debit,Yes,No
Female,Spain,4,One-year,34.44,918.37,Electronic check,No,No
Male,France,57,Two-year,98.4,6559.16,Credit card,Yes,Yes
Male,Spain,45,Two-year,61.94,7176.35,Electronic check,Yes,Yes
Male,UK,20,Month-to-month,70.01,6624.13,Direct debit,Yes,No
Male,UK,17,Month-to-month,98.51,7210.55,Direct debit,Yes,Yes
Male,Germany,55,Month-to-month,79.88,4514.27,Bank transfer,Yes,Yes
Female,Spain,7,One-year,40.11,6535.61,Bank transfer,No,No
Female,Italy,4,One-year,79.02,3195.53,Bank transfer,Yes,No
Female,Germany,29,One-year,60.76,5396.89,Electronic check,No,No
Female,Spain,14,Month-to-month,66.95,7912.92,Bank transfer,No,Yes
Female,Spain,3,Two-year,22.83,1960.68,Direct debit,No,No
Male,Germany,24,Two-year,41.0,3241.22,Bank transfer,No,Yes
Female,UK,37,One-year,48.1,3944.37,Credit card,No,Yes
Female,Spain,16,One-year,91.3,1276.52,Bank transfer,No,Yes
Male,UK,58,Two-year,21.15,832.1,Electronic check,No,No
Female,Germany,55,Two-year,60.88,6671.84,Credit card,Yes,Yes
Male,UK,52,One-year,112.4,7819.0,Credit card,No,No
Female,France,4,One-year,31.19,3356.86,Credit card,Yes,No
Male,Italy,56,Two-year,71.64,883.67,Electronic check,No,No
Female,Spain,24,Month-to-month,98.65,713.33,Direct debit,No,No
Female,Italy,34,One-year,114.25,7152.28,Bank transfer,No,No
Male,UK,30,Two-year,94.68,3817.75,Credit card,No,Yes
Male,Spain,18,Two-year,92.06,2696.21,Credit card,Yes,Yes
Male,UK,19,Two-year,102.65,3916.4,Credit card,Yes,Yes
Male,France,31,Two-year,64.62,2682.77,Direct debit,Yes,Yes
Male,Germany,19,Month-to-month,100.58,4014.48,Direct debit,No,Yes
Male,Spain,49,Two-year,20.8,6904.54,Electronic check,No,No
Male,France,46,One-year,112.46,4819.95,Direct debit,No,No
Male,France,19,Month-to-month,64.33,5618.3,Bank transfer,Yes,Yes
Female,Spain,22,Two-year,75.34,3044.43,Electronic check,No,Yes
Female,UK,24,Month-to-month,45.49,5960.35,Electronic check,Yes,Yes
Male,France,45,One-year,94.25,5399.61,Bank transfer,Yes,No
Female,Italy,12,Two-year,27.66,1132.58,Bank transfer,No,No
Female,France,30,One-year,107.26,4666.61,Bank transfer,No,No
Female,UK,58,Two-year,102.81,2202.6,Electronic check,Yes,Yes
Female,UK,38,Two-year,41.61,6471.95,Electronic check,Yes,Yes
Male,Italy,53,Two-year,100.93,3522.31,Electronic check,Yes,Yes
Female,France,31,Two-year,98.64,7958.54,Bank transfer,No,Yes
Male,UK,36,Two-year,83.22,921.5,Bank transfer,No,No
Female,Spain,19,Month-to-month,57.35,6286.71,Credit card,No,Yes
Female,Germany,48,Two-year,47.15,5454.87,Direct debit,No,Yes
Female,Germany,45,Two-year,43.18,6186.49,Credit card,No,Yes
Male,Germany,36,Month-to-month,51.86,2598.73,Bank transfer,No,No
Female,France,30,Month-to-month,110.36,4038.03,Electronic check,Yes,No
Male,Italy,55,Month-to-month,27.76,6412.77,Bank transfer,Yes,Yes
Female,UK,49,Month-to-month,102.89,2013.82,Direct debit,Yes,No
Male,Spain,55,Month-to-month,54.89,1963.06,Credit card,No,No
Female,Spain,33,Month-to-month,72.16,4498.2,Credit card,Yes,No
Male,France,18,Two-year,99.45,4283.8,Electronic check,No,No
Male,Germany,52,Two-year,108.44,2401.65,Credit card,No,No
Female,France,49,One-year,54.48,2524.99,Credit card,Yes,Yes
Male,Italy,59,Two-year,66.18,2367.19,Bank transfer,No,Yes
Female,Italy,28,Two-year,61.45,6217.79,Credit card,Yes,Yes
Female,UK,59,Month-to-month,21.33,5284.83,Credit card,Yes,No
Female,UK,47,Month-to-month,49.59,6692.85,Credit card,No,No
Female,Italy,11,Two-year,65.92,7808.69,Electronic check,Yes,No
Female,Italy,57,One-year,61.11,3898.48,Electronic check,Yes,No
Female,Italy,54,Month-to-month,92.19,720.21,Bank transfer,Yes,Yes
Female,France,45,Two-year,58.48,575.12,Credit card,Yes,Yes
Female,Italy,33,Two-year,68.94,2506.19,Electronic check,No,Yes
Female,Spain,17,One-year,62.96,7473.85,Electronic check,Yes,Yes
Female,Germany,6,One-year,94.06,4281.06,Bank transfer,Yes,Yes
Female,Italy,4,Month-to-month,106.3,2319.93,Direct debit,Yes,Yes
Male,Germany,20,One-year,73.19,3313.5,Credit card,No,No
Male,France,48,Two-year,98.94,4869.04,Electronic check,Yes,No
Female,Germany,47,Two-year,49.68,5293.01,Bank transfer,No,Yes
Female,France,27,One-year,74.14,1400.57,Bank transfer,Yes,No
Female,Spain,15,One-year,54.52,7820.85,Bank transfer,Yes,Yes
Female,France,6,One-year,61.42,4449.22,Electronic check,Yes,Yes
Female,France,47,One-year,93.24,1258.37,Credit card,No,No
Female,UK,14,Month-to-month,108.17,7170.35,Direct debit,No,Yes
Female,Italy,11,One-year,32.15,782.18,Credit card,No,Yes
Female,Italy,39,Month-to-month,83.46,7280.34,Bank transfer,No,Yes
Male,Spain,9,Two-year,78.21,7973.21,Bank transfer,No,No
Female,Spain,26,One-year,31.84,5663.37,Direct debit,No,No
Male,Italy,16,Month-to-month,41.19,6209.49,Credit card,Yes,No
Female,UK,5,One-year,51.1,2830.96,Bank transfer,No,No
Female,Italy,57,Two-year,36.69,7544.3,Bank transfer,Yes,Yes
Male,UK,52,Two-year,44.37,4331.77,Credit card,No,No
Female,Spain,10,Two-year,46.76,5912.63,Bank transfer,No,No
Male,Germany,50,One-year,53.57,7408.04,Credit card,No,No
Female,Spain,3,One-year,94.94,7806.4,Bank transfer,Yes,Yes
Female,Spain,13,Month-to-month,77.19,6698.99,Credit card,No,No
Male,France,43,Two-year,118.62,2563.54,Direct debit,No,No
Female,France,49,One-year,61.47,7739.07,Bank transfer,Yes,Yes
Male,France,30,Two-year,95.39,5099.33,Direct debit,Yes,Yes
Female,France,54,Two-year,107.15,7459.01,Bank transfer,Yes,Yes
Male,UK,45,Month-to-month,87.9,5473.62,Bank transfer,Yes,Yes
Male,Italy,6,Month-to-month,61.19,2596.46,Electronic check,No,No
Female,Germany,17,Month-to-month,95.36,3086.19,Credit card,Yes,Yes
Female,Spain,59,Month-to-month,40.37,4493.68,Direct debit,No,No
Male,UK,45,Two-year,52.76,6362.12,Direct debit,No,No
Female,Germany,51,Month-to-month,74.67,2680.26,Direct debit,Yes,No
Female,UK,53,Month-to-month,77.54,4721.9,Credit card,No,No
Female,UK,19,Month-to-month,22.21,2895.87,Electronic check,Yes,No
Male,Spain,42,Month-to-month,114.51,6563.0,Direct debit,No,Yes
Male,Italy,35,Two-year,89.66,3840.48,Credit card,Yes,No
Male,France,46,Month-to-month,69.57,798.44,Bank transfer,Yes,No
Male,Italy,26,Two-year,113.31,1495.21,Direct debit,Yes,No
Male,Spain,51,One-year,63.91,676.62,Direct debit,Yes,Yes
Male,Spain,5,Two-year,118.04,4094.56,Electronic check,Yes,No
Male,Spain,29,Two-year,71.23,1029.43,Direct debit,Yes,No
Male,Germany,37,Month-to-month,31.43,1090.29,Direct debit,No,Yes
Male,Italy,20,One-year,96.48,7540.18,Bank transfer,No,No
Female,Italy,49,One-year,87.89,7006.71,Credit card,No,No
Male,UK,21,One-year,97.3,3726.28,Credit card,Yes,Yes
Female,UK,10,One-year,115.14,7889.28,Electronic check,No,No
Female,UK,5,Two-year,97.65,201.45,Bank transfer,Yes,No
Female,Spain,36,One-year,81.13,4989.04,Credit card,No,No
Male,Italy,6,Two-year,105.73,5008.14,Bank transfer,No,No
Male,Spain,26,Two-year,87.32,3768.06,Credit card,Yes,No
Male,Germany,4,Two-year,60.81,3296.19,Bank transfer,No,Yes
Male,UK,39,One-year,108.56,3751.99,Electronic check,No,Yes
Female,Spain,39,Month-to-month,42.19,3436.69,Direct debit,No,Yes
Male,Spain,50,Month-to-month,91.46,5897.84,Electronic check,Yes,No
Male,Germany,35,One-year,108.16,1255.77,Credit card,No,No
Male,France,1,Month-to-month,93.13,1741.59,Electronic check,Yes,No
Male,Italy,24,Month-to-month,89.73,1608.04,Direct debit,No,Yes
Male,France,57,Two-year,95.26,2247.27,Electronic check,No,No
Female,UK,36,Two-year,66.51,4297.02,Credit card,No,No
Male,Spain,6,One-year,107.42,1067.43,Credit card,No,No
Female,Germany,41,One-year,40.34,6971.72,Electronic check,Yes,Yes
Male,Germany,54,Month-to-month,32.74,2519.42,Direct debit,No,Yes
Female,Italy,46,Two-year,48.55,1467.8,Electronic check,Yes,No
Male,France,44,One-year,73.16,5469.85,Direct debit,Yes,No
Male,Italy,57,One-year,71.06,497.07,Bank transfer,No,No
Female,Spain,31,One-year,102.06,5035.75,Direct debit,No,Yes
Female,Italy,20,One-year,60.46,5645.95,Bank transfer,Yes,Yes
Female,Germany,24,One-year,68.43,1876.35,Electronic check,Yes,Yes
Male,Germany,25,One-year,21.34,527.32,Direct debit,No,No
Female,UK,36,Month-to-month,60.97,3036.43,Bank transfer,No,Yes
Male,UK,21,Two-year,84.78,969.03,Bank transfer,No,No
Male,Spain,30,Two-year,21.55,1108.53,Bank transfer,No,No
Female,France,24,One-year,48.09,2183.24,Credit card,No,Yes
Female,Italy,44,Two-year,40.8,2504.65,Electronic check,Yes,No
Male,Spain,42,Two-year,24.2,4333.77,Bank transfer,No,Yes
Male,UK,30,Two-year,67.93,5491.46,Direct debit,No,No
Female,Italy,22,One-year,38.17,4823.61,Bank transfer,Yes,No
Female,UK,28,One-year,94.31,1357.21,Credit card,No,Yes
Female,Italy,7,Two-year,104.79,1542.27,Electronic check,No,No
Male,France,35,Two-year,74.56,7054.4,Credit card,Yes,No
Male,Spain,55,One-year,118.17,4555.15,Credit card,No,No
Male,Italy,28,Month-to-month,65.05,6985.52,Credit card,Yes,No
Male,Germany,14,Two-year,71.34,3098.06,Direct debit,No,No
Male,Germany,56,Month-to-month,118.92,4992.32,Electronic check,No,No
Male,Italy,10,Two-year,43.15,4284.57,Electronic check,No,No
Female,Italy,16,Month-to-month,114.25,2689.16,Direct debit,Yes,No
Male,Italy,16,Month-to-month,24.28,3865.34,Electronic check,Yes,Yes
Male,Germany,54,Month-to-month,64.64,4119.43,Credit card,Yes,Yes
Male,Germany,31,One-year,27.0,1766.01,Electronic check,Yes,No
Female,Italy,42,Month-to-month,92.92,2657.08,Direct debit,No,No
Male,UK,25,Month-to-month,80.84,6373.0,Credit card,Yes,Yes
Male,UK,13,Month-to-month,90.66,7343.15,Direct debit,Yes,No
Female,France,6,Two-year,57.45,3006.39,Bank transfer,Yes,Yes
Male,Spain,44,Month-to-month,56.95,2594.38,Credit card,No,Yes
Male,UK,9,Two-year,24.53,1722.54,Credit card,No,Yes
Male,Germany,45,Month-to-month,54.99,5492.23,Electronic check,Yes,No
Male,UK,36,Month-to-month,112.93,2720.18,Credit card,Yes,No
Male,France,56,One-year,57.92,7904.45,Direct debit,No,No
Female,France,43,Two-year,103.14,2740.34,Electronic check,Yes,Yes
Female,Spain,20,Month-to-month,104.23,3274.26,Bank transfer,Yes,Yes
Female,UK,18,Two-year,57.32,4906.01,Direct debit,Yes,Yes
Male,Germany,58,Two-year,83.2,6453.14,Bank transfer,Yes,No
Male,Germany,43,One-year,29.54,3862.25,Bank transfer,No,Yes
Male,Italy,57,One-year,30.37,3496.72,Bank transfer,No,Yes
Female,Germany,21,One-year,24.87,7965.98,Credit card,No,No
Male,Spain,4,One-year,78.1,281.85,Direct debit,Yes,Yes
Male,Spain,50,One-year,62.61,7181.51,Direct debit,Yes,Yes
Female,Germany,33,One-year,74.8,1363.3,Credit card,No,No
Male,Germany,27,One-year,72.11,6330.22,Electronic check,No,No
Female,Italy,7,One-year,55.02,5019.87,Bank transfer,No,Yes
Female,Germany,6,Month-to-month,87.75,2866.41,Direct debit,Yes,No
Female,Italy,15,Two-year,95.85,7016.22,Credit card,No,Yes
Male,Italy,18,One-year,21.46,300.68,Bank transfer,Yes,No
Male,Germany,32,One-year,40.72,1968.19,Electronic check,Yes,Yes
Male,France,56,Two-year,91.32,4621.76,Electronic check,No,No
Male,France,11,Month-to-month,58.66,2942.03,Bank transfer,No,Yes
Male,Italy,20,Two-year,86.25,4960.94,Electronic check,Yes,No
Male,Germany,24,Two-year,54.7,388.06,Direct debit,No,No
Male,France,15,One-year,59.08,1108.38,Direct debit,No,No
Female,Germany,48,Two-year,35.87,1191.35,Direct debit,Yes,No
Male,Germany,7,Two-year,45.82,1676.41,Electronic check,Yes,No
Female,Germany,21,One-year,80.54,3782.79,Direct debit,Yes,No
Male,UK,42,One-year,63.32,6066.6,Credit card,Yes,No
Male,Germany,26,One-year,97.43,7263.2,Direct debit,Yes,Yes
Male,UK,44,One-year,105.26,6715.91,Direct debit,No,Yes
Female,Italy,56,Two-year,74.16,1735.73,Electronic check,Yes,No
Female,France,14,Two-year,95.83,3640.97,Direct debit,Yes,No
Female,France,57,Month-to-month,50.69,1755.41,Bank transfer,Yes,Yes
Female,France,37,Month-to-month,61.5,2262.88,Credit card,No,Yes
Male,France,58,Two-year,91.28,4127.67,Electronic check,Yes,No
Female,France,21,Month-to-month,58.62,731.25,Credit card,Yes,Yes
Male,France,18,Two-year,78.85,1901.76,Bank transfer,Yes,Yes
Male,France,5,Month-to-month,38.54,7495.95,Electronic check,No,No
Female,Italy,3,One-year,79.98,3835.71,Electronic check,Yes,No
Female,Germany,23,Month-to-month,106.15,3674.01,Direct debit,Yes,No
Female,Spain,26,One-year,106.86,313.62,Credit card,Yes,Yes
Female,UK,37,One-year,92.43,2129.72,Bank transfer,No,No
Female,Spain,24,One-year,94.58,6957.08,Bank transfer,No,No
Female,Spain,49,One-year,75.79,1484.1,Electronic check,No,Yes
Female,Germany,19,Month-to-month,78.47,3437.97,Direct debit,No,No
Female,Germany,51,Two-year,33.37,311.78,Electronic check,Yes,Yes
Male,Germany,25,One-year,64.39,3931.02,Electronic check,Yes,Yes
Female,France,21,Month-to-month,65.08,363.96,Electronic check,No,Yes
Female,Italy,12,One-year,115.85,6592.95,Electronic check,No,Yes
Male,France,57,Month-to-month,63.11,6633.86,Bank transfer,Yes,Yes
Female,Italy,41,Month-to-month,74.93,6344.39,Bank transfer,Yes,Yes
Male,Italy,33,Month-to-month,73.33,2410.24,Electronic check,No,No
Male,Spain,50,Two-year,83.68,6730.45,Electronic check,No,No
Female,Spain,53,Month-to-month,94.82,4435.39,Direct debit,No,No
Male,Italy,4,Month-to-month,42.5,3115.7,Electronic check,No,Yes
Male,Italy,42,Two-year,72.87,5077.57,Bank transfer,Yes,No
Male,France,57,Two-year,102.59,296.26,Credit card,No,Yes
Male,France,7,Month-to-month,66.31,1315.09,Bank transfer,No,No
Female,Spain,22,Two-year,47.85,5989.89,Direct debit,Yes,Yes
Male,Germany,55,One-year,85.47,2104.46,Bank transfer,Yes,No
Female,Italy,33,One-year,102.38,4864.47,Credit card,Yes,Yes
Male,France,17,Two-year,26.31,3203.8,Electronic check,Yes,No
Male,Spain,24,Two-year,97.68,6867.49,Credit card,Yes,Yes
Male,France,34,Month-to-month,102.16,7628.84,Electronic check,No,No
Male,Italy,28,Two-year,66.15,7091.8,Electronic check,No,Yes
Female,Italy,58,Month-to-month,118.33,2310.84,Bank transfer,No,No
Female,UK,43,One-year,98.67,1714.47,Bank transfer,Yes,No
Male,Germany,41,Two-year,97.37,3900.59,Bank transfer,No,No
Male,UK,39,Month-to-month,94.78,257.21,Direct debit,Yes,Yes
Female,Spain,22,Month-to-month,35.06,401.31,Bank transfer,No,Yes
Male,France,49,One-year,41.72,4515.67,Direct debit,No,Yes
Male,Spain,17,Two-year,66.4,4259.51,Bank transfer,Yes,Yes
Male,Italy,34,One-year,46.4,7957.74,Electronic check,Yes,Yes
Female,UK,6,Month-to-month,61.52,1774.37,Direct debit,No,No
Female,UK,46,Month-to-month,108.85,2213.21,Credit card,No,Yes
Female,UK,6,Two-year,102.43,1085.62,Direct debit,No,No
Male,Spain,34,Month-to-month,83.0,7356.84,Direct debit,No,No
Male,Italy,1,Two-year,105.81,6266.93,Credit card,No,Yes
Female,France,10,One-year,98.38,6614.25,Direct debit,Yes,No
Female,France,21,Two-year,62.9,7241.56,Electronic check,Yes,Yes
Female,Spain,5,Two-year,40.11,4294.22,Bank transfer,Yes,Yes
Female,UK,2,Month-to-month,71.42,3719.31,Credit card,Yes,Yes
Male,Germany,22,Month-to-month,93.62,2777.05,Bank transfer,No,No
Female,Spain,48,Two-year,63.64,4795.87,Electronic check,No,Yes
Male,Spain,57,Month-to-month,86.68,3743.37,Credit card,Yes,Yes
Female,Italy,2,Month-to-month,29.43,3722.21,Bank transfer,No,Yes
Male,France,10,Month-to-month,94.8,7508.04,Bank transfer,Yes,No
Female,Spain,34,Two-year,101.27,7875.45,Electronic check,No,Yes
Female,Spain,16,Month-to-month,90.68,6412.58,Bank transfer,No,No
Female,UK,48,Two-year,116.73,6102.71,Electronic check,No,No
Female,UK,51,Month-to-month,102.67,5508.35,Direct debit,Yes,Yes
Male,Germany,39,One-year,110.31,1495.38,Electronic check,Yes,No
Female,Italy,22,Month-to-month,113.36,661.03,Direct debit,Yes,No
Male,Germany,12,Month-to-month,100.13,5587.67,Credit card,Yes,Yes
Male,UK,24,Two-year,87.43,5884.53,Bank transfer,No,Yes
Male,France,47,Two-year,20.57,566.39,Electronic check,No,Yes
Male,UK,40,Month-to-month,66.58,7438.8,Electronic check,No,No
Female,Italy,38,One-year,77.12,910.9,Bank transfer,No,Yes
Male,UK,59,Month-to-month,50.4,2430.02,Bank transfer,Yes,No
Male,Italy,10,Month-to-month,51.81,5444.64,Credit card,No,No
Male,Italy,35,One-year,116.12,1525.01,Credit card,No,No
Female,Italy,51,Two-year,109.17,632.24,Electronic check,No,No
Female,Italy,49,Month-to-month,104.92,2782.94,Credit card,Yes,No
Female,Italy,32,Two-year,60.6,6174.58,Direct debit,Yes,Yes
Female,France,7,Two-year,21.37,3426.69,Credit card,Yes,Yes
Male,Germany,21,One-year,28.02,5293.19,Credit card,No,No
Male,Spain,20,One-year,51.22,4721.03,Electronic check,Yes,No
Female,Germany,26,Two-year,21.57,373.3,Direct debit,No,Yes
Male,Italy,4,Month-to-month,21.71,7910.61,Credit card,No,Yes
Male,France,46,Two-year,111.66,523.14,Direct debit,No,No
Male,UK,52,Month-to-month,90.62,7748.86,Direct debit,Yes,No
Female,France,22,Month-to-month,50.9,4488.94,Direct debit,Yes,Yes
Female,Italy,15,One-year,33.26,7712.64,Bank transfer,No,Yes
Male,France,56,Month-to-month,71.16,1095.08,Bank transfer,No,No
Female,France,40,Month-to-month,20.53,4025.19,Bank transfer,Yes,Yes
Female,Italy,21,Two-year,113.84,1522.13,Bank transfer,Yes,Yes
Female,France,15,One-year,61.48,597.6,Electronic check,Yes,No
Female,Spain,22,Month-to-month,60.23,5016.73,Credit card,No,No
Female,Spain,52,Month-to-month,59.06,1820.71,Bank transfer,No,No
Male,France,28,One-year,26.93,4784.04,Electronic check,No,Yes
Female,UK,14,Two-year,83.83,1076.44,Credit card,Yes,No
Male,Italy,27,One-year,93.3,2789.49,Bank transfer,Yes,Yes
Male,Spain,41,One-year,87.61,6296.73,Credit card,Yes,No
Female,UK,40,Month-to-month,33.84,3609.0,Bank transfer,No,No
Male,France,58,Month-to-month,77.88,5096.41,Electronic check,No,Yes
Male,UK,28,Two-year,76.95,5250.17,Direct debit,Yes,Yes
Male,Germany,26,Month-to-month,106.84,6781.29,Direct debit,No,No
Female,Spain,49,Month-to-month,57.91,2734.4,Credit card,Yes,No
Female,France,2,One-year,57.15,5560.91,Electronic check,No,Yes
Male,Italy,25,Month-to-month,81.85,7700.6,Direct debit,Yes,No
Female,France,56,Two-year,83.31,5895.9,Bank transfer,No,Yes
Female,Italy,3,One-year,66.93,4020.99,Direct debit,No,Yes
Female,France,8,Two-year,64.31,5119.6,Credit card,Yes,No
Female,UK,44,One-year,69.41,5969.53,Credit card,Yes,Yes
Male,UK,33,Month-to-month,106.1,4975.75,Electronic check,Yes,Yes
Male,UK,42,One-year,66.12,330.07,Credit card,Yes,Yes
Female,Germany,52,One-year,113.99,1719.23,Direct debit,Yes,No
Female,Italy,35,Month-to-month,70.4,6521.65,Direct debit,No,Yes
Male,UK,6,Month-to-month,114.92,2326.68,Direct debit,Yes,No
Male,Germany,39,Two-year,103.28,5906.18,Direct debit,Yes,No
Female,Italy,52,Two-year,56.24,3102.54,Electronic check,Yes,No
Male,France,23,Month-to-month,106.36,4270.7,Bank transfer,No,Yes
Female,Germany,25,Month-to-month,31.01,730.19,Bank transfer,Yes,Yes
Female,Spain,59,Month-to-month,112.5,1613.56,Electronic check,Yes,No
Male,Germany,50,One-year,83.16,7666.14,Credit card,Yes,No
Male,Germany,43,One-year,25.44,7143.08,Bank transfer,No,Yes
Female,Italy,19,One-year,84.43,5287.75,Credit card,No,No
Female,France,5,Month-to-month,117.42,3785.23,Bank transfer,Yes,No
Male,Spain,51,Two-year,26.98,5470.94,Credit card,No,Yes
Female,UK,11,Month-to-month,75.47,5025.16,Electronic check,Yes,No
Male,UK,56,One-year,94.78,4634.71,Direct debit,No,Yes
Female,Germany,12,One-year,101.03,661.58,Credit card,Yes,Yes
Male,Italy,10,Month-to-month,61.38,5135.86,Direct debit,No,No
Male,Italy,8,Month-to-month,40.42,6197.58,Credit card,Yes,Yes
Male,UK,24,One-year,24.23,7953.84,Credit card,Yes,Yes
Female,Spain,28,One-year,77.97,286.41,Credit card,No,Yes
Female,France,41,One-year,65.29,5895.35,Credit card,Yes,No
Male,Spain,36,Month-to-month,114.87,4659.96,Credit card,Yes,No
Female,France,37,One-year,26.06,3585.61,Direct debit,Yes,No
Male,UK,21,One-year,88.54,1195.05,Credit card,Yes,Yes
Male,France,8,Two-year,22.5,3390.86,Direct debit,No,Yes
Female,Italy,55,Month-to-month,37.14,2964.14,Electronic check,Yes,No
Female,Germany,9,Two-year,65.36,2562.07,Bank transfer,No,No
Male,Germany,47,Two-year,65.49,5900.86,Credit card,No,Yes
Female,UK,15,One-year,88.57,5665.66,Bank transfer,No,No
Female,Italy,48,Month-to-month,111.02,4794.36,Direct debit,No,No
Male,Spain,46,One-year,83.9,7521.59,Electronic check,Yes,No
Male,Italy,40,Month-to-month,115.35,2928.86,Electronic check,Yes,No
Female,Germany,18,Two-year,108.16,2101.66,Electronic check,No,No
Male,Germany,42,Month-to-month,78.45,5316.05,Bank transfer,Yes,Yes
Male,Italy,20,One-year,103.38,1750.75,Direct debit,No,No
Female,Italy,6,One-year,84.26,2657.08,Credit card,Yes,No
Male,Germany,12,One-year,27.86,1951.9,Credit card,Yes,Yes
Male,Spain,2,Month-to-month,94.06,739.4,Direct debit,Yes,Yes
Female,UK,7,Two-year,29.49,6654.49,Bank transfer,No,Yes
Female,UK,16,Two-year,79.41,2185.42,Credit card,No,Yes
Male,Italy,3,Month-to-month,90.26,3889.61,Direct debit,Yes,No
Male,UK,45,One-year,26.65,537.86,Credit card,No,No
Female,Germany,3,Two-year,43.08,5654.85,Electronic check,No,No
Female,Germany,27,One-year,111.57,2778.38,Credit card,Yes,No
Female,Italy,50,Month-to-month,81.63,6008.95,Bank transfer,No,Yes
Female,Italy,43,One-year,44.63,3416.74,Direct debit,Yes,Yes
Male,Italy,40,Two-year,89.07,1726.89,Bank transfer,Yes,No
Female,Spain,38,Two-year,79.68,4202.77,Direct debit,Yes,No
Female,UK,33,One-year,70.16,1217.94,Electronic check,No,No
Male,Italy,28,Month-to-month,117.62,3636.21,Direct debit,Yes,No
Female,France,1,One-year,88.35,2674.98,Credit card,Yes,Yes
Male,France,55,Month-to-month,57.54,7313.28,Credit card,No,No
Female,Germany,8,One-year,100.01,675.24,Electronic check,No,Yes
Female,UK,37,Two-year,108.46,5613.34,Direct debit,No,Yes
Female,Italy,32,Month-to-month,32.52,1625.46,Electronic check,No,Yes
Male,France,48,Month-to-month,40.06,2688.55,Credit card,Yes,Yes
Male,UK,43,Month-to-month,41.62,3441.01,Bank transfer,No,No
Female,Germany,37,Two-year,89.12,7282.52,Electronic check,No,No
Male,Spain,4,One-year,80.3,2092.11,Bank transfer,No,No
Male,UK,30,Two-year,81.9,912.21,Bank transfer,No,No
Male,UK,6,Month-to-month,114.08,2685.78,Direct debit,Yes,Yes
Male,Spain,46,One-year,97.59,1016.47,Electronic check,No,Yes
Male,UK,54,Two-year,32.79,1203.05,Bank transfer,Yes,Yes
Male,Germany,19,Month-to-month,54.75,4676.03,Bank transfer,No,No
Female,Germany,32,Month-to-month,63.54,675.04,Direct debit,Yes,Yes
Female,Spain,9,Two-year,59.6,441.26,Direct debit,Yes,Yes
Male,Italy,12,Two-year,86.93,5772.43,Credit card,No,Yes
Female,France,11,Two-year,109.19,3020.85,Bank transfer,Yes,Yes
Female,Italy,46,Month-to-month,50.61,1177.93,Credit card,No,No
Female,UK,55,Two-year,75.19,2178.18,Bank transfer,Yes,Yes
Female,France,16,Month-to-month,98.94,5208.27,Credit card,Yes,Yes
Male,Spain,1,Two-year,61.62,2349.19,Direct debit,Yes,No
Female,Spain,45,Month-to-month,36.81,4057.26,Electronic check,No,No
Female,France,55,Month-to-month,67.5,1149.22,Direct debit,Yes,No
Male,Germany,53,One-year,25.52,4787.13,Credit card,No,Yes
Male,France,21,Two-year,114.24,2665.41,Credit card,Yes,Yes
Female,UK,30,Two-year,27.48,5090.35,Electronic check,Yes,Yes
Female,Germany,13,Month-to-month,63.85,6505.48,Bank transfer,Yes,Yes
Female,Spain,34,Month-to-month,72.99,4970.84,Credit card,Yes,No
Female,France,4,Month-to-month,118.53,2506.83,Credit card,Yes,Yes
Female,Italy,28,One-year,36.6,2194.8,Credit card,Yes,Yes
Female,Italy,38,One-year,31.44,2753.88,Electronic check,No,No
Male,UK,58,Month-to-month,20.87,1484.04,Direct debit,No,No
Female,Italy,31,Two-year,35.56,1613.14,Credit card,No,No
Female,France,59,Two-year,40.73,6367.39,Electronic check,Yes,Yes
Male,France,55,One-year,83.06,3200.91,Credit card,No,Yes
Male,Italy,27,One-year,41.97,3600.76,Bank transfer,Yes,Yes
Male,France,5,Month-to-month,22.05,4833.59,Electronic check,No,Yes
Male,UK,25,Two-year,102.66,4799.3,Credit card,No,Yes
Female,Germany,3,Month-to-month,56.56,725.54,Electronic check,Yes,No
Female,UK,33,One-year,55.37,6686.02,Credit card,Yes,No
Female,UK,4,Two-year,50.25,1583.15,Direct debit,No,Yes
Female,France,25,Two-year,117.54,5839.96,Credit card,No,Yes
Female,Germany,20,One-year,37.01,6226.83,Electronic check,No,Yes
Female,France,34,Month-to-month,109.82,5776.22,Bank transfer,No,Yes
Male,Spain,26,Month-to-month,97.68,4716.03,Bank transfer,Yes,Yes
Female,France,5,Two-year,27.65,313.95,Bank transfer,No,No
Male,France,35,One-year,118.67,3010.93,Credit card,Yes,No
Male,France,28,Two-year,47.14,4917.75,Direct debit,Yes,No
Female,Germany,29,One-year,29.86,3222.12,Credit card,No,Yes
Male,France,9,Month-to-month,102.93,6935.14,Bank transfer,Yes,Yes
Female,Germany,52,One-year,90.67,2608.66,Electronic check,No,No
Male,Italy,38,Month-to-month,81.72,2489.57,Bank transfer,Yes,No
Female,Spain,50,One-year,35.6,2274.78,Electronic check,Yes,Yes
Male,Germany,6,Two-year,67.85,2795.69,Direct debit,No,No
Female,Italy,19,Month-to-month,98.06,4547.76,Electronic check,Yes,No
Female,Germany,44,Two-year,50.36,5714.72,Credit card,Yes,Yes
Female,Germany,57,Two-year,51.17,5368.03,Credit card,No,No
Female,Spain,11,Month-to-month,20.31,6500.2,Credit card,Yes,No
Female,UK,2,Month-to-month,37.42,7110.13,Electronic check,Yes,No
Male,UK,47,Two-year,107.54,6565.42,Credit card,No,Yes
Male,Germany,44,Two-year,64.17,347.77,Credit card,No,No
Male,France,44,Two-year,118.42,5940.16,Credit card,Yes,No
Female,Italy,9,Two-year,59.57,1825.52,Direct debit,Yes,No
Male,France,21,Month-to-month,91.52,1236.84,Electronic check,Yes,Yes
Female,France,24,Month-to-month,48.19,5180.21,Electronic check,No,Yes
Female,Germany,34,Two-year,56.38,2694.0,Bank transfer,Yes,No
Male,Germany,22,One-year,39.07,645.51,Electronic check,Yes,Yes
Male,Germany,3,One-year,54.71,1273.51,Direct debit,Yes,No
Female,Germany,12,Month-to-month,74.72,207.25,Electronic check,Yes,Yes
Male,UK,28,Two-year,119.18,7245.14,Direct debit,Yes,Yes
Female,Germany,30,Two-year,86.42,392.02,Direct debit,Yes,No
Female,UK,26,Month-to-month,39.92,1833.76,Electronic check,No,No
Female,UK,48,One-year,24.5,3446.85,Bank transfer,No,No
Female,Germany,21,One-year,32.64,2981.26,Credit card,Yes,Yes
Female,Spain,28,One-year,76.26,7311.46,Credit card,Yes,No
Male,Italy,56,Month-to-month,96.52,514.25,Electronic check,No,Yes
Male,France,26,One-year,114.04,4195.27,Electronic check,No,Yes
Female,UK,33,Month-to-month,21.58,5507.74,Direct debit,No,No
Female,Italy,21,Month-to-month,72.28,7467.24,Electronic check,Yes,Yes
Male,Spain,35,Two-year,67.09,5038.9,Direct debit,Yes,No
Male,France,52,One-year,85.61,6469.29,Bank transfer,Yes,Yes
Female,France,34,Month-to-month,75.96,853.05,Electronic check,Yes,No
Male,UK,41,One-year,88.7,3210.33,Credit card,No,Yes
Female,Germany,51,One-year,85.81,3116.79,Credit card,No,Yes
Male,Spain,47,Two-year,31.7,7113.05,Electronic check,No,No
Female,UK,18,One-year,99.97,1380.7,Direct debit,No,Yes
Male,Spain,58,Two-year,32.32,1384.71,Credit card,Yes,No
Female,Germany,11,Month-to-month,89.85,2762.75,Direct debit,Yes,Yes
Male,Germany,57,One-year,61.61,624.84,Electronic check,No,Yes
Male,UK,23,Month-to-month,71.39,1623.17,Electronic check,No,Yes
Female,Germany,48,One-year,110.33,7728.64,Credit card,No,No
Male,Italy,22,Month-to-month,108.99,3539.83,Electronic check,No,No
Female,France,17,One-year,101.79,5129.75,Bank transfer,No,No
Male,UK,5,One-year,71.01,5863.67,Bank transfer,Yes,No
Female,Spain,44,One-year,93.62,3062.3,Credit card,Yes,No
Male,Italy,11,One-year,71.29,1348.37,Bank transfer,No,Yes
Female,UK,30,One-year,106.96,1811.33,Direct debit,No,Yes
Male,Germany,15,One-year,60.28,2643.48,Credit card,No,No
Female,Germany,27,One-year,117.02,5161.33,Credit card,Yes,Yes
Male,Germany,35,One-year,113.23,3306.59,Direct debit,Yes,Yes
Female,Germany,33,One-year,94.16,253.15,Bank transfer,Yes,Yes
Female,Spain,20,Month-to-month,47.94,4282.58,Bank transfer,No,Yes
Female,Italy,16,Two-year,33.17,7387.8,Bank transfer,Yes,No
Male,France,34,One-year,105.47,6534.21,Credit card,No,Yes
Female,Spain,2,Two-year,36.53,6636.65,Credit card,Yes,No
Male,Spain,35,One-year,105.43,6401.45,Bank transfer,Yes,No
Female,France,40,One-year,69.08,2725.1,Electronic check,Yes,Yes
Male,France,56,Month-to-month,60.66,6168.51,Bank transfer,No,No
Female,Germany,28,Month-to-month,110.32,1316.66,Direct debit,No,Yes
Male,Spain,47,Two-year,80.39,5330.19,Credit card,Yes,Yes
Male,UK,39,Month-to-month,77.66,5204.23,Direct debit,No,Yes
Female,France,6,Month-to-month,75.88,399.44,Direct debit,No,No
Male,France,9,Two-year,57.12,6346.17,Credit card,No,No
Male,Italy,20,Month-to-month,98.56,7245.34,Electronic check,No,No
Female,UK,1,One-year,45.28,2285.84,Bank transfer,No,Yes
Male,UK,8,Two-year,113.89,6536.65,Direct debit,No,Yes
Male,France,55,Two-year,109.4,842.77,Credit card,No,Yes
Male,Germany,23,One-year,53.75,4879.75,Direct debit,Yes,No
Female,Italy,3,Month-to-month,92.95,3988.05,Bank transfer,No,Yes
Male,UK,4,Two-year,77.32,4458.2,Electronic check,No,Yes
Female,France,58,Two-year,53.76,7424.4,Electronic check,Yes,No
Male,UK,25,One-year,118.85,6996.26,Electronic check,Yes,No
Male,Italy,47,One-year,22.52,6323.65,Credit card,Yes,No
Male,Italy,38,Month-to-month,45.26,2334.85,Credit card,Yes,Yes
Female,Spain,15,Two-year,72.01,7312.19,Electronic check,No,Yes
Male,France,21,Month-to-month,72.2,960.56,Bank transfer,Yes,Yes
Male,Italy,35,Month-to-month,78.89,6855.97,Bank transfer,Yes,No
Female,Spain,57,One-year,95.17,2759.65,Credit card,No,No
Male,Spain,53,Two-year,82.35,619.42,Electronic check,No,No
Female,UK,53,Two-year,80.03,5420.98,Bank transfer,No,No
Female,UK,46,Two-year,25.35,2003.98,Bank transfer,Yes,Yes
Male,Spain,52,One-year,57.65,2099.85,Bank transfer,No,Yes
Female,UK,14,One-year,43.21,2587.17,Credit card,Yes,Yes
Male,Italy,36,One-year,46.54,696.74,Electronic check,No,Yes
Female,Germany,12,One-year,75.43,1581.59,Direct debit,No,Yes
Female,Italy,17,One-year,39.95,240.09,Electronic check,Yes,Yes
Male,Spain,39,Two-year,49.39,3674.19,Electronic check,No,Yes
Female,Spain,9,Month-to-month,43.71,857.19,Credit card,No,Yes
Female,Italy,35,Two-year,114.85,5524.69,Bank transfer,No,No
Female,UK,13,Month-to-month,114.47,2037.86,Bank transfer,No,No
Female,UK,15,One-year,80.99,7559.88,Credit card,No,Yes
Female,Spain,18,Month-to-month,112.45,6995.76,Credit card,Yes,No
Male,France,51,Two-year,98.58,2457.64,Credit card,Yes,Yes
Female,UK,33,Two-year,78.99,6309.08,Credit card,No,Yes
Male,Italy,6,Month-to-month,20.64,6465.31,Credit card,Yes,No
Female,UK,59,One-year,97.25,7895.19,Direct debit,Yes,Yes
Male,Italy,27,One-year,90.25,4863.15,Electronic check,Yes,Yes
Male,Spain,23,Two-year,81.53,839.33,Electronic check,No,Yes
Female,UK,59,Month-to-month,96.04,5245.33,Electronic check,No,Yes
Female,Italy,27,One-year,71.29,5074.84,Bank transfer,No,Yes
Female,Spain,34,One-year,90.41,5179.13,Direct debit,Yes,Yes
Male,France,56,Two-year,113.52,2595.74,Electronic check,Yes,Yes
Female,Italy,46,One-year,57.58,6905.5,Bank transfer,No,No
Male,France,38,Month-to-month,90.81,7683.88,Direct debit,No,No
Male,France,14,Two-year,67.57,1898.16,Direct debit,Yes,Yes
Male,Germany,36,Two-year,87.44,887.59,Bank transfer,Yes,No
Female,UK,53,Month-to-month,96.29,1717.37,Direct debit,No,Yes
Female,Italy,8,Two-year,24.55,6600.31,Bank transfer,Yes,Yes
Male,France,35,One-year,84.66,5477.83,Electronic check,Yes,Yes
Male,Germany,19,One-year,42.67,5161.17,Bank transfer,Yes,Yes
Female,Spain,30,Month-to-month,87.0,3333.99,Direct debit,Yes,No
Male,Italy,14,One-year,66.83,4707.06,Electronic check,Yes,No
Female,France,59,Month-to-month,97.36,2601.42,Electronic check,Yes,No
Male,UK,20,Month-to-month,32.34,3922.16,Credit card,Yes,No
Female,Germany,49,One-year,82.63,6385.89,Credit card,No,Yes
Male,France,25,Month-to-month,47.85,7853.68,Direct debit,No,No
Female,UK,40,One-year,105.3,7473.41,Bank transfer,Yes,Yes
Male,France,24,Two-year,112.84,7484.15,Bank transfer,Yes,Yes
Female,Italy,14,Two-year,119.64,3337.35,Direct debit,Yes,No
Female,Italy,26,Month-to-month,99.6,3856.56,Electronic check,No,Yes
Male,Italy,38,One-year,95.37,5703.96,Direct debit,No,No
Male,Germany,23,One-year,41.55,7393.1,Direct debit,Yes,No
Female,Italy,22,Two-year,53.6,1307.56,Electronic check,No,No
Male,UK,48,Two-year,66.57,2573.09,Bank transfer,Yes,No
Female,France,57,One-year,97.34,1286.13,Direct debit,Yes,No
Male,Spain,19,Month-to-month,111.5,4973.67,Bank transfer,Yes,Yes
Female,UK,46,Two-year,38.91,2589.15,Direct debit,Yes,No
Female,UK,51,Month-to-month,112.24,2743.64,Electronic check,Yes,No
Female,Italy,3,Month-to-month,89.56,753.14,Electronic check,Yes,Yes
Female,Germany,42,Two-year,81.08,2928.41,Credit card,Yes,No
Female,France,19,Month-to-month,39.98,6927.47,Electronic check,No,No
Female,Germany,9,Month-to-month,25.55,2017.97,Credit card,Yes,Yes
Male,France,28,One-year,76.85,5622.46,Direct debit,No,Yes
Male,France,20,Month-to-month,85.15,5111.1,Bank transfer,Yes,No
Male,Germany,45,One-year,41.08,6935.18,Electronic check,Yes,Yes
Female,UK,7,Two-year,75.65,1231.85,Electronic check,No,No
Female,France,14,Two-year,105.65,7825.2,Electronic check,No,Yes
Female,Germany,9,One-year,103.51,4744.5,Direct debit,Yes,No
Female,France,59,Two-year,112.74,7964.7,Credit card,No,No
Male,Spain,55,Month-to-month,56.59,7309.81,Direct debit,Yes,No
Male,UK,57,Month-to-month,51.8,1927.83,Bank transfer,Yes,Yes
Female,Italy,19,Month-to-month,94.94,638.06,Direct debit,No,No
Male,France,47,Two-year,63.11,2193.98,Bank transfer,No,Yes
Male,Spain,52,Month-to-month,28.75,4315.0,Electronic check,No,No
Female,Italy,14,Two-year,48.28,1538.45,Bank transfer,No,No
Male,Italy,56,Month-to-month,61.86,1506.19,Bank transfer,Yes,No
Female,France,38,One-year,49.25,3808.23,Credit card,No,No
Male,Germany,53,Two-year,53.22,459.49,Bank transfer,No,No
Female,France,36,Two-year,49.38,1150.73,Bank transfer,No,Yes
Female,Spain,40,Month-to-month,24.15,3443.72,Direct debit,No,Yes
Female,Italy,17,Two-year,83.71,692.41,Electronic check,No,Yes
Female,France,30,Two-year,79.73,3294.69,Direct debit,Yes,No
Male,Germany,9,One-year,85.34,3897.25,Direct debit,Yes,No
Female,France,33,One-year,39.23,3719.88,Electronic check,No,Yes
Female,UK,56,Month-to-month,49.57,6979.56,Electronic check,No,No
Female,Germany,52,One-year,81.96,4334.49,Bank transfer,Yes,No
Male,Spain,25,Month-to-month,79.96,3850.25,Bank transfer,No,No
Female,Italy,14,Month-to-month,70.63,3403.53,Credit card,Yes,Yes
Male,France,11,Month-to-month,55.04,6577.46,Direct debit,Yes,Yes
Female,Germany,53,Two-year,111.29,7181.44,Electronic check,No,Yes
Male,UK,35,One-year,53.98,6855.29,Bank transfer,Yes,Yes
Male,Germany,41,Month-to-month,65.56,5453.66,Electronic check,No,Yes
Female,UK,59,One-year,87.81,1271.42,Bank transfer,No,No
Male,Spain,14,Month-to-month,74.3,2359.59,Credit card,Yes,No
Female,Italy,30,One-year,54.69,559.29,Credit card,Yes,No
Female,Spain,41,One-year,63.56,7460.43,Electronic check,No,No
Female,France,4,Month-to-month,99.45,5354.23,Credit card,Yes,Yes
Male,Germany,59,Two-year,47.81,6021.63,Electronic check,No,Yes
Male,UK,4,One-year,34.23,2630.26,Bank transfer,Yes,No
Female,UK,28,Two-year,51.32,6796.1,Direct debit,Yes,Yes
Female,Germany,8,Two-year,104.95,2224.91,Credit card,No,No
Male,Germany,2,Month-to-month,28.9,212.82,Bank transfer,No,No
Female,France,41,Month-to-month,119.17,3136.04,Direct debit,No,No
Female,Spain,46,Month-to-month,74.1,4651.94,Direct debit,Yes,No
Female,UK,22,One-year,118.48,3933.9,Direct debit,No,Yes
Male,France,41,Month-to-month,113.9,6924.19,Bank transfer,No,No
Male,Spain,56,Month-to-month,65.28,1022.16,Bank transfer,Yes,Yes
Male,France,55,One-year,39.85,4519.82,Electronic check,Yes,No
Female,UK,16,One-year,36.49,4201.24,Direct debit,No,No
Female,Germany,29,Month-to-month,44.0,2394.87,Direct debit,No,No
Female,Germany,49,Month-to-month,91.01,6613.38,Direct debit,No,No
Male,Spain,48,Month-to-month,47.29,6072.22,Electronic check,No,Yes
Female,Italy,30,Month-to-month,54.14,5916.3,Direct debit,Yes,No
Female,Spain,12,Two-year,64.88,7034.3,Bank transfer,Yes,Yes
Female,Italy,35,Two-year,111.32,5837.72,Direct debit,No,No
Female,France,11,Month-to-month,38.94,2008.36,Credit card,No,No
Male,France,46,Two-year,20.5,5703.39,Bank transfer,No,No
Male,UK,50,One-year,26.01,2600.08,Electronic check,Yes,Yes
Female,Italy,21,Two-year,110.48,2088.96,Direct debit,No,No
Male,UK,21,Two-year,84.75,769.43,Credit card,No,No
Male,Germany,5,Month-to-month,47.3,6003.42,Electronic check,Yes,No
Female,Italy,48,Two-year,37.72,5745.81,Electronic check,Yes,No
Female,Spain,20,Two-year,49.43,2029.1,Bank transfer,No,No
Male,Germany,37,Two-year,31.48,6045.16,Electronic check,No,Yes
Female,Germany,3,Two-year,114.15,7359.16,Electronic check,Yes,Yes
Male,Spain,44,One-year,98.42,1042.63,Electronic check,No,No
Female,Germany,33,Month-to-month,66.24,2014.57,Electronic check,No,No
Male,Italy,53,Month-to-month,106.5,6052.03,Direct debit,Yes,Yes
Female,UK,9,One-year,44.95,2341.15,Direct debit,Yes,No
Male,Germany,9,Two-year,91.71,5072.38,Direct debit,Yes,Yes
Male,Italy,4,One-year,105.61,833.08,Direct debit,No,No
Male,France,35,Two-year,55.68,3727.18,Credit card,Yes,No
Female,Italy,17,One-year,95.75,5964.91,Direct debit,Yes,Yes
Male,UK,34,Month-to-month,49.51,5554.81,Electronic check,No,No
Male,Italy,24,Month-to-month,49.89,6557.56,Direct debit,No,Yes
Female,Spain,32,Month-to-month,30.71,7044.13,Direct debit,Yes,Yes
Female,UK,1,Two-year,64.01,6230.83,Bank transfer,Yes,Yes
Male,France,8,Two-year,92.97,5438.38,Electronic check,No,No
Male,Spain,45,One-year,114.02,447.44,Direct debit,No,Yes
Female,Italy,23,One-year,80.38,4372.74,Direct debit,Yes,Yes
Female,UK,47,Month-to-month,106.31,494.04,Direct debit,Yes,No
Female,France,40,Two-year,102.25,6502.93,Credit card,No,No
Female,Spain,12,One-year,37.33,2701.65,Direct debit,Yes,No
Female,France,54,Two-year,68.58,4586.95,Bank transfer,No,No
Male,Italy,12,Two-year,31.69,2379.67,Electronic check,Yes,No
Female,France,46,Month-to-month,88.22,6303.5,Electronic check,No,No
Male,Germany,47,Month-to-month,114.99,7114.72,Direct debit,No,Yes
Male,Spain,15,Two-year,33.71,3309.41,Direct debit,Yes,No
Male,France,41,Two-year,93.39,6930.79,Direct debit,Yes,Yes
Female,Italy,19,Two-year,83.22,2283.19,Electronic check,No,No
Male,Italy,26,Two-year,78.36,4370.36,Electronic check,Yes,Yes
Male,France,52,Month-to-month,59.01,6898.34,Credit card,Yes,Yes
Female,Italy,29,One-year,55.51,2741.87,Bank transfer,Yes,No
Male,UK,22,Month-to-month,24.52,7641.53,Credit card,No,No
Male,UK,40,One-year,41.79,1150.66,Bank transfer,Yes,Yes
Female,UK,21,Two-year,21.52,342.55,Credit card,Yes,No
Male,Germany,51,One-year,78.14,7252.26,Electronic check,No,No
Male,France,38,Month-to-month,30.59,735.46,Credit card,Yes,Yes
Male,Germany,20,Month-to-month,107.3,7936.74,Bank transfer,Yes,Yes
Female,Italy,57,Two-year,72.31,7620.9,Direct debit,No,Yes
Female,Germany,29,Month-to-month,89.97,1268.76,Bank transfer,No,No
Female,Italy,51,Two-year,61.09,4393.16,Direct debit,Yes,No
Male,Italy,4,Month-to-month,76.06,1642.38,Electronic check,Yes,No
Male,Spain,55,Month-to-month,114.27,3539.61,Bank transfer,No,No
Female,UK,7,Two-year,28.27,679.12,Credit card,No,Yes
Male,Italy,28,One-year,45.39,1946.61,Bank transfer,Yes,No
Male,Spain,28,Month-to-month,98.0,3033.53,Direct debit,Yes,Yes
Female,UK,4,One-year,29.87,3621.45,Electronic check,Yes,No
Female,Italy,22,Month-to-month,27.57,7824.47,Credit card,No,No
Male,Italy,12,Month-to-month,56.15,6501.35,Bank transfer,Yes,Yes
Male,Germany,45,Month-to-month,29.22,5951.8,Direct debit,No,No
Male,Germany,3,Month-to-month,78.51,4388.92,Credit card,No,No
Female,UK,22,One-year,42.63,6751.98,Electronic check,No,Yes
Female,Italy,44,One-year,109.57,2846.72,Credit card,Yes,No
Female,France,2,Month-to-month,98.35,5729.41,Electronic check,Yes,Yes
Female,Germany,24,Month-to-month,89.97,7951.52,Credit card,Yes,Yes
Male,UK,34,One-year,81.69,2654.11,Bank transfer,No,Yes
Female,Italy,27,Two-year,106.35,5457.34,Direct debit,Yes,Yes
Female,Italy,55,Two-year,42.31,6785.66,Bank transfer,No,No
Female,France,41,One-year,107.31,7343.3,Bank transfer,No,No
Female,UK,1,Month-to-month,98.95,5799.87,Electronic check,No,No
Female,Italy,8,Month-to-month,94.82,2412.14,Electronic check,No,Yes
Male,Germany,23,Two-year,76.13,2745.0,Electronic check,No,No
Male,France,38,Two-year,44.62,361.91,Bank transfer,No,No
Female,UK,6,One-year,62.35,6134.91,Credit card,Yes,No
Male,France,22,Two-year,99.36,533.37,Credit card,No,No
Female,Germany,25,One-year,23.18,6944.29,Bank transfer,Yes,Yes
Female,UK,18,Two-year,98.21,1125.55,Bank transfer,No,Yes
Male,France,17,Two-year,44.01,1540.64,Direct debit,Yes,No
Male,Spain,12,Two-year,34.43,3916.91,Electronic check,Yes,Yes
Female,Germany,6,Month-to-month,31.57,5955.47,Electronic check,Yes,No
Female,Germany,26,Month-to-month,22.73,1284.22,Bank transfer,Yes,No
Female,Germany,27,Month-to-month,72.36,3632.55,Bank transfer,No,No
Male,Spain,8,Two-year,41.83,3966.24,Credit card,No,Yes
Female,Spain,19,One-year,118.94,1855.83,Bank transfer,No,No
Female,Italy,42,One-year,77.44,1101.36,Credit card,No,Yes
Female,France,1,One-year,33.79,6724.08,Bank transfer,Yes,Yes
Male,Italy,57,One-year,88.88,4119.23,Direct debit,Yes,No
Female,France,29,Month-to-month,109.77,312.17,Direct debit,Yes,Yes
Female,Spain,45,Month-to-month,94.52,6463.25,Credit card,No,Yes
Male,Spain,49,Two-year,27.64,7850.19,Electronic check,Yes,No
Female,Italy,35,Two-year,109.59,4926.22,Direct debit,No,Yes
Female,UK,40,One-year,99.39,4128.93,Credit card,Yes,Yes
Male,Italy,14,Month-to-month,35.83,7051.64,Bank transfer,Yes,No
Female,France,35,One-year,25.18,7629.63,Bank transfer,Yes,No
Male,Italy,48,Two-year,75.73,6085.39,Credit card,Yes,Yes
Male,Germany,45,Two-year,35.6,3674.53,Electronic check,Yes,No
Female,France,20,One-year,103.46,4819.33,Credit card,No,No
Female,France,56,Two-year,55.83,5667.3,Credit card,Yes,Yes
Female,UK,49,One-year,111.29,1715.33,Direct debit,No,Yes
Female,Spain,13,Month-to-month,76.57,3688.17,Credit card,No,No
Male,France,38,One-year,38.27,6672.61,Credit card,No,Yes
Female,Spain,49,Month-to-month,33.96,5306.86,Bank transfer,No,No
Male,Italy,46,Month-to-month,77.65,3407.39,Direct debit,No,No
Female,Germany,49,Two-year,96.19,5374.23,Bank transfer,No,Yes
Female,UK,8,Two-year,98.15,1122.13,Bank transfer,No,Yes
Female,Spain,43,Two-year,47.58,3331.68,Electronic check,No,No
Male,France,20,One-year,40.42,6386.4,Electronic check,Yes,No
Female,Spain,33,One-year,21.68,1919.97,Direct debit,Yes,No
Female,France,26,Two-year,87.92,1650.5,Direct debit,No,No
Female,Spain,39,One-year,27.66,7616.39,Electronic check,No,Yes
Female,France,21,Two-year,62.08,1837.2,Electronic check,No,No
Male,Italy,53,One-year,80.17,2235.16,Electronic check,Yes,Yes
Female,France,49,Month-to-month,113.71,7763.0,Electronic check,Yes,Yes
Male,France,42,Month-to-month,51.18,5930.73,Electronic check,No,No
Male,Germany,43,Two-year,44.98,5656.85,Bank transfer,No,Yes
Male,France,54,One-year,85.42,6852.83,Direct debit,Yes,Yes
Male,Germany,41,One-year,81.92,1103.42,Bank transfer,Yes,No
Male,UK,9,Month-to-month,53.21,5706.46,Bank transfer,No,Yes
Male,Germany,24,Month-to-month,112.81,4128.77,Credit card,No,Yes
Female,Italy,37,Two-year,104.49,6667.37,Bank transfer,No,No
Male,Germany,49,Month-to-month,42.4,4163.51,Electronic check,No,No
Male,UK,41,Two-year,43.91,5037.88,Electronic check,Yes,No
Male,Italy,17,Month-to-month,71.23,3926.39,Credit card,Yes,No
Female,Spain,24,Month-to-month,97.36,3929.64,Credit card,No,No
Female,Spain,21,One-year,24.4,6190.17,Credit card,No,No
Male,Germany,51,Month-to-month,89.33,5102.82,Credit card,No,No
Female,Germany,59,Month-to-month,84.82,5139.45,Credit card,Yes,Yes
Male,UK,39,Two-year,43.15,3712.2,Bank transfer,No,Yes
Male,UK,55,Month-to-month,88.14,4342.65,Credit card,No,No
Female,France,41,Two-year,114.02,6016.6,Bank transfer,No,Yes
Male,UK,39,Month-to-month,24.68,6642.34,Direct debit,Yes,Yes
Female,France,13,Month-to-month,51.97,5633.18,Credit card,No,No
Female,Italy,11,Two-year,63.82,7407.77,Credit card,Yes,Yes
Male,Germany,46,One-year,109.93,6598.53,Bank transfer,No,No
Male,Italy,19,Two-year,116.23,4582.54,Direct debit,No,Yes
Female,UK,11,Two-year,64.41,5436.97,Bank transfer,No,No
Male,Italy,13,Two-year,95.0,7425.2,Bank transfer,Yes,Yes
Male,Italy,46,One-year,73.17,5029.51,Credit card,No,Yes
Male,Italy,45,Month-to-month,73.78,6633.49,Electronic check,No,Yes
Female,UK,1,Two-year,47.81,5572.72,Electronic check,Yes,No
Female,Italy,40,Two-year,41.7,4505.1,Bank transfer,Yes,Yes
Male,France,44,One-year,48.8,2086.34,Credit card,Yes,Yes
Female,UK,19,Two-year,75.63,3522.78,Direct debit,No,No
Female,Italy,12,Month-to-month,22.92,7748.39,Electronic check,Yes,No
Female,UK,8,One-year,110.72,5330.57,Direct debit,No,Yes
Female,Spain,8,Month-to-month,35.63,4602.28,Electronic check,Yes,Yes
Female,France,53,Month-to-month,42.01,7477.06,Credit card,Yes,Yes
Male,Italy,45,One-year,71.83,4774.79,Bank transfer,Yes,Yes
Male,Spain,12,Two-year,91.01,4303.44,Direct debit,No,No
Male,Spain,48,Month-to-month,29.57,6122.62,Direct debit,No,Yes
Female,UK,33,Month-to-month,51.77,5758.79,Bank transfer,No,Yes
Female,Spain,45,Month-to-month,116.87,1706.65,Direct debit,No,No
Male,France,26,Month-to-month,46.23,3876.2,Electronic check,No,Yes
Female,France,39,One-year,51.31,3885.62,Bank transfer,No,Yes
Male,Germany,28,One-year,103.65,3150.15,Electronic check,No,Yes
Male,France,58,Month-to-month,25.02,4234.89,Electronic check,No,No
Male,Spain,5,Two-year,66.46,3422.24,Credit card,No,No
Female,France,8,Month-to-month,57.96,1754.89,Electronic check,Yes,Yes
Female,UK,25,Two-year,51.66,3416.46,Credit card,Yes,Yes
Male,Germany,27,Month-to-month,48.57,763.76,Direct debit,No,No
Male,Spain,46,Two-year,29.14,4691.13,Direct debit,No,Yes
Male,Germany,23,Month-to-month,51.48,6858.51,Credit card,No,Yes
Male,Spain,30,Two-year,24.31,5857.24,Electronic check,No,No
Female,UK,45,Month-to-month,98.1,3011.07,Bank transfer,Yes,No
Female,Germany,47,Month-to-month,59.82,879.16,Bank transfer,Yes,No
Male,Italy,23,Two-year,64.39,1776.77,Credit card,No,Yes
Male,Spain,49,One-year,109.36,4454.82,Direct debit,Yes,Yes
Female,Italy,47,Two-year,85.81,1815.05,Direct debit,Yes,Yes
Female,Germany,20,One-year,20.81,4442.99,Bank transfer,No,Yes
Male,Italy,18,Month-to-month,114.32,2006.47,Credit card,No,No
Male,Italy,18,Two-year,43.71,6821.61,Bank transfer,No,Yes
Male,Germany,2,Two-year,30.76,3298.72,Electronic check,No,Yes
Female,UK,4,Two-year,96.81,2115.29,Electronic check,Yes,No
Female,Italy,30,One-year,70.05,6536.14,Credit card,No,No
Female,Italy,33,One-year,63.38,2874.14,Credit card,Yes,Yes
Male,UK,36,Month-to-month,44.95,1069.6,Electronic check,No,No
Male,Italy,18,One-year,74.75,4649.19,Direct debit,Yes,No
Female,Italy,37,One-year,47.44,4736.2,Credit card,No,Yes
Female,Italy,19,Month-to-month,110.16,5774.63,Electronic check,No,Yes
Male,France,47,Two-year,41.52,2073.71,Electronic check,Yes,Yes
Female,UK,28,Two-year,108.44,3661.42,Direct debit,Yes,Yes
Female,Italy,40,Month-to-month,75.94,2402.47,Direct debit,Yes,No
Male,UK,20,Two-year,102.85,831.44,Direct debit,No,No
Female,Spain,49,One-year,91.28,7037.59,Direct debit,Yes,Yes
Male,Spain,33,Month-to-month,89.67,5885.18,Bank transfer,Yes,Yes
Male,Italy,12,Month-to-month,52.43,2551.41,Direct debit,Yes,No
Male,UK,58,Month-to-month,43.39,4875.11,Bank transfer,Yes,Yes
Male,UK,51,Two-year,41.09,1769.86,Credit card,Yes,Yes
Male,UK,15,Month-to-month,105.72,7143.85,Electronic check,Yes,Yes
Male,France,41,Month-to-month,102.04,1096.27,Bank transfer,Yes,Yes
Male,Spain,39,Month-to-month,64.06,229.93,Credit card,Yes,No
Female,UK,2,Two-year,33.24,4115.66,Credit card,Yes,Yes
Male,UK,29,One-year,58.23,4748.4,Bank transfer,No,No
Male,France,41,Month-to-month,81.93,4715.93,Credit card,No,Yes
Female,France,10,One-year,65.44,625.19,Credit card,Yes,Yes
Female,UK,2,Two-year,98.02,2649.54,Bank transfer,No,No
Female,Germany,51,Two-year,119.76,4093.75,Credit card,No,Yes
Male,UK,11,Two-year,39.11,1889.32,Direct debit,Yes,No
Female,UK,13,Two-year,65.97,7006.48,Direct debit,Yes,Yes
Male,France,10,One-year,63.1,879.45,Electronic check,Yes,Yes
Male,France,14,Month-to-month,50.45,4001.6,Credit card,Yes,Yes
Male,UK,18,Two-year,39.81,5593.05,Electronic check,Yes,Yes
Male,UK,51,Two-year,26.57,2241.66,Direct debit,Yes,Yes
Female,UK,54,One-year,108.71,5069.08,Direct debit,No,No
Female,France,9,One-year,61.98,6669.2,Direct debit,Yes,No
Male,UK,57,Two-year,69.69,1684.63,Credit card,No,Yes
Male,UK,39,Month-to-month,111.69,7354.32,Credit card,Yes,Yes
Male,Italy,28,Month-to-month,97.63,4517.76,Direct debit,Yes,No
Female,Germany,3,Two-year,33.05,2534.01,Electronic check,No,No
Male,Spain,20,One-year,76.54,3560.69,Electronic check,Yes,Yes
Male,Germany,6,Two-year,64.23,2635.1,Bank transfer,Yes,Yes
Female,Italy,27,Two-year,99.72,5855.87,Direct debit,No,No
Female,Spain,53,One-year,92.42,6411.15,Electronic check,Yes,Yes
Male,UK,2,Two-year,89.04,6696.91,Direct debit,No,No
Female,Italy,29,Two-year,54.05,7888.99,Electronic check,Yes,Yes
Female,UK,38,Two-year,100.5,6372.02,Bank transfer,Yes,No
Male,France,3,One-year,25.24,4890.8,Bank transfer,No,No
Female,Italy,16,Month-to-month,35.96,2845.92,Direct debit,Yes,Yes
Male,France,30,Month-to-month,53.56,4447.84,Electronic check,No,No
Female,Italy,40,One-year,27.68,520.33,Credit card,No,Yes
Male,Italy,2,Month-to-month,43.5,6009.64,Bank transfer,No,Yes
Male,France,17,Two-year,103.02,3678.45,Direct debit,Yes,Yes
Male,Spain,41,Month-to-month,114.83,356.18,Direct debit,Yes,Yes
Female,Germany,12,Two-year,50.46,687.55,Electronic check,No,No
Male,UK,35,Month-to-month,46.45,3222.24,Direct debit,Yes,Yes
Female,Italy,43,One-year,47.99,4750.69,Bank transfer,Yes,Yes
Male,UK,1,Month-to-month,47.77,3820.79,Direct debit,Yes,Yes
Male,France,55,Month-to-month,23.59,5029.79,Direct debit,No,Yes
Female,UK,45,Month-to-month,112.69,3946.3,Credit card,Yes,No
Male,France,15,One-year,41.37,5361.29,Credit card,No,Yes
Male,UK,26,Month-to-month,62.0,1909.18,Bank transfer,Yes,No
Female,Germany,37,One-year,20.97,1080.18,Electronic check,Yes,No
Male,Germany,21,Two-year,105.8,4852.18,Credit card,No,No
Male,Germany,49,Month-to-month,93.12,3980.58,Electronic check,Yes,Yes
Male,Germany,31,One-year,114.68,409.57,Bank transfer,No,Yes
Male,Germany,25,One-year,98.16,3167.76,Credit card,Yes,Yes
Female,Germany,23,Month-to-month,51.37,1027.78,Electronic check,No,Yes
Female,France,24,Two-year,44.79,4344.58,Credit card,Yes,No
Male,Italy,57,One-year,89.77,3287.07,Bank transfer,Yes,No
Female,UK,38,Month-to-month,56.41,4982.58,Bank transfer,Yes,Yes
Male,Germany,28,Two-year,76.62,6483.7,Credit card,No,Yes
Female,France,21,One-year,20.63,2537.42,Electronic check,No,Yes
Male,France,54,One-year,26.19,7704.4,Direct debit,No,Yes
Male,France,43,Two-year,73.54,4377.95,Direct debit,Yes,Yes
Male,Italy,18,Two-year,76.61,5022.67,Credit card,No,Yes
Male,UK,36,Month-to-month,95.15,5509.24,Electronic check,No,Yes
Male,Italy,35,Month-to-month,33.2,5400.51,Direct debit,No,No
Male,Spain,45,One-year,71.32,4185.57,Bank transfer,No,No
Female,France,55,Two-year,39.44,3544.36,Electronic check,No,No
Male,Spain,9,Two-year,29.32,619.5,Direct debit,No,No
Female,Germany,53,Two-year,61.05,372.27,Electronic check,No,Yes
Male,Germany,38,One-year,36.33,2992.1,Credit card,No,Yes
Female,Italy,58,Two-year,42.18,2802.55,Electronic check,No,Yes
Female,UK,30,Two-year,51.76,3224.02,Direct debit,No,Yes
Female,Spain,44,One-year,45.94,1279.27,Credit card,Yes,Yes
Male,UK,34,Month-to-month,28.76,5957.71,Electronic check,Yes,No
Male,Italy,32,Month-to-month,28.99,6884.32,Bank transfer,No,Yes
Female,Germany,3,One-year,39.32,7521.97,Direct debit,Yes,No
Male,UK,3,Two-year,25.06,4040.43,Credit card,Yes,Yes
Female,UK,28,One-year,82.65,5666.75,Electronic check,No,No
Male,Germany,44,Month-to-month,48.73,6873.3,Bank transfer,No,Yes
Female,Spain,15,Month-to-month,47.97,3462.67,Direct debit,No,No
Female,Germany,41,One-year,53.2,2613.42,Bank transfer,Yes,Yes
Male,UK,23,One-year,86.28,7506.45,Electronic check,No,Yes
Female,Spain,40,Month-to-month,107.06,4222.28,Electronic check,Yes,Yes
Male,Spain,11,One-year,95.91,4078.58,Credit card,No,Yes
Female,Germany,48,Month-to-month,92.75,1591.65,Bank transfer,Yes,No
Female,UK,32,One-year,68.44,1043.61,Credit card,Yes,Yes
Male,Italy,58,One-year,89.38,6768.43,Direct debit,No,No
Male,UK,59,One-year,75.28,4990.24,Credit card,No,Yes
Male,France,57,Month-to-month,41.63,2741.43,Direct debit,Yes,No
Female,Italy,54,One-year,40.86,1695.54,Electronic check,Yes,Yes
Male,Spain,36,Month-to-month,49.64,4532.88,Electronic check,No,Yes
Female,Italy,33,Month-to-month,111.08,4754.57,Bank transfer,No,No
Female,Spain,24,One-year,74.74,1814.55,Direct debit,Yes,Yes
Male,Spain,39,One-year,93.39,6840.96,Electronic check,No,Yes
Male,Italy,34,Month-to-month,54.66,857.26,Bank transfer,Yes,No
Female,Spain,56,Month-to-month,60.77,2977.53,Bank transfer,No,Yes
Female,Spain,28,Two-year,32.56,5507.0,Credit card,No,No
Male,France,37,Month-to-month,37.13,2338.14,Bank transfer,No,Yes
Male,UK,7,Two-year,102.74,6655.87,Electronic check,Yes,No
Male,UK,4,Two-year,78.48,5970.97,Credit card,No,No
Male,France,37,Two-year,53.75,6354.38,Direct debit,Yes,No
Male,Italy,56,One-year,100.29,1129.03,Direct debit,No,No
Female,Germany,1,One-year,44.65,1296.27,Electronic check,Yes,Yes
Female,Germany,1,Month-to-month,117.6,2434.5,Electronic check,Yes,Yes
Female,Germany,47,Two-year,54.48,4241.0,Credit card,No,No
Female,France,20,One-year,53.73,6034.53,Credit card,Yes,Yes
Male,France,19,One-year,51.19,6724.94,Electronic check,Yes,Yes
Male,Spain,29,One-year,32.21,5693.82,Electronic check,Yes,Yes
Male,Germany,10,One-year,31.11,7443.06,Direct debit,Yes,No
Female,Italy,18,One-year,84.81,5962.2,Direct debit,No,Yes
Female,Italy,28,Two-year,107.51,2588.89,Direct debit,No,Yes
Male,Germany,35,Two-year,99.05,2267.63,Electronic check,No,No
Male,Germany,43,Two-year,34.11,5630.3,Bank transfer,Yes,Yes
Female,Germany,47,Two-year,74.56,1704.39,Electronic check,Yes,No
Female,France,31,Month-to-month,30.56,923.18,Electronic check,No,No
Male,France,27,Two-year,24.53,4351.34,Direct debit,No,No
Male,France,11,One-year,85.64,6608.8,Electronic check,Yes,Yes
Female,UK,49,Two-year,73.52,990.76,Credit card,No,Yes
Male,Italy,49,Month-to-month,28.2,6376.75,Electronic check,No,No
Male,Italy,38,One-year,23.49,6530.26,Electronic check,Yes,No
Male,Spain,5,Two-year,118.98,3961.74,Electronic check,No,No
Female,France,8,Two-year,23.0,647.02,Electronic check,Yes,No
Female,UK,34,Two-year,64.45,1561.8,Bank transfer,No,No
Female,UK,48,One-year,70.46,5717.92,Electronic check,Yes,No
Female,Italy,52,One-year,31.73,5751.87,Credit card,Yes,Yes
Female,France,56,Month-to-month,36.91,7207.17,Credit card,Yes,No
Female,Spain,12,One-year,55.18,4744.95,Electronic check,Yes,No
Female,France,38,One-year,96.17,1168.04,Direct debit,Yes,No
Male,Germany,1,Two-year,70.71,1147.04,Bank transfer,No,Yes
Male,France,31,One-year,83.79,5824.83,Electronic check,No,Yes
Male,Germany,4,Two-year,118.52,1633.52,Electronic check,No,Yes
Male,Germany,49,Two-year,96.8,2761.41,Electronic check,Yes,Yes
Male,Spain,45,One-year,63.44,4000.25,Direct debit,No,No
Male,Italy,50,Month-to-month,64.64,393.17,Direct debit,Yes,Yes
Male,France,5,Month-to-month,81.88,2140.79,Direct debit,Yes,No
Female,Germany,30,One-year,86.54,3381.54,Bank transfer,No,No
Female,France,56,Month-to-month,70.07,2381.16,Credit card,Yes,No
Male,Italy,24,Two-year,84.49,1263.69,Bank transfer,No,No
Male,Italy,59,Two-year,22.35,5878.5,Direct debit,Yes,No
Female,UK,3,One-year,62.96,6542.55,Credit card,Yes,No
Male,Italy,11,Month-to-month,47.89,2208.34,Credit card,No,Yes
Male,Spain,45,Month-to-month,32.92,6240.47,Direct debit,Yes,Yes
Female,Germany,4,Two-year,29.95,3207.32,Direct debit,No,Yes
Male,UK,26,One-year,80.32,4152.15,Bank transfer,Yes,Yes
Female,Spain,27,Month-to-month,72.36,6876.81,Direct debit,No,Yes
Male,France,46,One-year,45.36,6049.64,Credit card,Yes,No
Female,Germany,54,Month-to-month,67.1,6479.91,Electronic check,No,Yes
Female,Italy,43,Two-year,69.22,1267.39,Direct debit,No,Yes
Female,Germany,27,Two-year,39.5,743.81,Direct debit,Yes,Yes
Male,France,42,One-year,85.21,7168.56,Bank transfer,No,No
Female,UK,51,Two-year,98.09,3225.11,Bank transfer,Yes,No
Male,UK,50,Month-to-month,99.15,2445.46,Direct debit,Yes,No
Male,UK,6,Two-year,80.25,5852.63,Credit card,No,Yes
Male,Italy,59,One-year,71.16,6724.04,Credit card,No,Yes
Male,Spain,15,One-year,26.1,6927.42,Electronic check,No,Yes
Female,Spain,53,One-year,48.78,2664.78,Direct debit,No,Yes
Female,Germany,30,Month-to-month,29.33,6847.26,Bank transfer,No,Yes
Male,Italy,42,Month-to-month,116.38,519.28,Credit card,Yes,No
Male,UK,37,Month-to-month,33.51,587.36,Electronic check,No,Yes
Female,UK,58,Month-to-month,35.18,5063.45,Direct debit,Yes,No
Male,France,37,Month-to-month,108.96,692.23,Credit card,No,Yes
Female,France,42,Two-year,114.39,2731.95,Direct debit,No,No
Male,UK,37,Month-to-month,96.58,5447.5,Direct debit,No,No
Male,UK,35,Month-to-month,20.54,2830.68,Credit card,Yes,No
Female,Italy,23,Two-year,20.13,1600.88,Credit card,No,No
Male,Spain,6,Month-to-month,57.81,2394.53,Credit card,Yes,Yes
Female,France,4,One-year,34.34,3769.09,Direct debit,Yes,Yes
Male,Spain,18,Month-to-month,21.84,3908.01,Direct debit,Yes,Yes
Male,Italy,9,Month-to-month,66.41,6307.4,Electronic check,No,No
Male,UK,49,One-year,114.31,6051.2,Bank transfer,Yes,Yes
Female,Spain,29,One-year,52.38,3763.18,Direct debit,No,Yes
Male,UK,13,One-year,86.11,6796.21,Bank transfer,Yes,Yes
Male,UK,59,One-year,85.22,1091.05,Credit card,No,Yes
Male,Germany,47,Month-to-month,45.11,2191.76,Direct debit,Yes,No
Male,Spain,52,One-year,85.04,6658.22,Electronic check,No,No
Female,Spain,17,One-year,41.23,3148.35,Electronic check,No,Yes
Female,UK,45,Two-year,32.2,7853.22,Bank transfer,No,Yes
Male,Italy,32,One-year,90.14,3836.78,Credit card,Yes,Yes
Female,Germany,48,One-year,31.34,6377.1,Bank transfer,Yes,No
Male,UK,22,Two-year,119.69,3337.99,Credit card,No,No
Male,France,4,Two-year,38.35,3514.64,Electronic check,Yes,No
Male,France,5,Month-to-month,79.41,3186.49,Bank transfer,Yes,Yes
Female,Germany,37,Two-year,61.14,5808.79,Electronic check,Yes,No
Female,Italy,41,Month-to-month,32.64,4470.64,Electronic check,Yes,No
Female,UK,49,Two-year,22.78,7561.47,Credit card,Yes,No
Female,Spain,13,Two-year,82.27,2156.94,Bank transfer,Yes,No
Female,Germany,34,Month-to-month,100.68,984.39,Bank transfer,Yes,No
Female,Italy,45,Two-year,104.2,3267.44,Electronic check,No,Yes
Female,Spain,22,Month-to-month,68.27,5010.36,Electronic check,No,Yes
Female,France,53,Two-year,97.75,6914.23,Credit card,Yes,Yes
Female,France,59,One-year,87.28,2900.34,Direct debit,No,Yes
Male,Spain,23,Two-year,92.43,5299.54,Direct debit,No,No
Female,Germany,51,Month-to-month,69.26,2931.55,Electronic check,No,Yes
Female,France,3,Two-year,83.34,5014.31,Direct debit,Yes,Yes
Female,UK,42,Month-to-month,100.55,7101.5,Direct debit,Yes,Yes
Female,Spain,34,Month-to-month,59.79,2004.59,Direct debit,Yes,No
Female,Spain,32,One-year,100.6,3353.08,Direct debit,Yes,Yes
Female,France,45,One-year,79.2,7947.47,Electronic check,Yes,No
Female,Germany,51,Month-to-month,36.59,6974.74,Direct debit,No,No
Female,UK,58,Two-year,22.47,4604.19,Direct debit,Yes,No
Female,Germany,49,Month-to-month,56.28,4229.7,Credit card,No,Yes
Female,Italy,21,Month-to-month,74.67,2419.88,Electronic check,Yes,No
Female,Italy,46,Two-year,103.98,4234.23,Bank transfer,No,Yes
Male,France,44,Two-year,32.75,6815.82,Bank transfer,Yes,Yes
Male,France,21,Two-year,100.02,5544.36,Credit card,Yes,Yes
Female,France,44,Two-year,106.3,2462.34,Credit card,Yes,No
Female,Italy,11,Month-to-month,35.07,1771.42,Electronic check,Yes,No
Male,Germany,39,Month-to-month,105.16,2268.63,Bank transfer,Yes,Yes
